{
  "peak_day_by_region": {
    "Seoul": "initial_state",
    "Wonju": "initial_state"
  },
  "peak_value_by_region": {
    "Seoul": {
      "active_infected": 930.4129000000001,
      "active_infected_per_100k": 10.000000000000002
    },
    "Wonju": {
      "active_infected": 36.3669,
      "active_infected_per_100k": 10.0
    }
  },
  "overall_peak_day": "initial_state",
  "overall_peak_value": {
    "active_infected": 966.7798000000001,
    "active_infected_per_100k": 10.000000000000002
  },
  "cumulative_ever_infected_rate_by_region_age": {
    "Seoul_0_18": 0.0015194772384718675,
    "Seoul_19_49": 0.0010511545029634522,
    "Seoul_50_64": 0.0010355396711167547,
    "Seoul_65_plus": 0.0014450253561330462,
    "Wonju_0_18": 0.0015194772384719828,
    "Wonju_19_49": 0.0010511545029634212,
    "Wonju_50_64": 0.0010355396711166553,
    "Wonju_65_plus": 0.0014450253561329209
  },
  "cumulative_episode_rate_by_region_age": {
    "Seoul_0_18": 0.0015194772384718675,
    "Seoul_19_49": 0.0010511545029634522,
    "Seoul_50_64": 0.0010355396711167547,
    "Seoul_65_plus": 0.0014450253561330462,
    "Wonju_0_18": 0.0015194772384719828,
    "Wonju_19_49": 0.0010511545029634212,
    "Wonju_50_64": 0.0010355396711166553,
    "Wonju_65_plus": 0.0014450253561329209
  },
  "reinfection_share": 0.0,
  "cross_region_flow_share_total": 0.025606407428605846,
  "elderly_burden_summary": {
    "elderly_population": 1993322.0,
    "elderly_peak_day": "initial_state",
    "elderly_peak_active_infected": 199.33220000000003,
    "elderly_peak_active_infected_per_100k": 10.000000000000002,
    "elderly_ever_infected_rate": 0.0014450253561330416,
    "elderly_episode_rate": 0.0014450253561330416,
    "elderly_reinfection_share": 0.0,
    "elderly_episode_share_of_total": 0.2746846503876896
  }
}