{
  "peak_day_by_region": {
    "Seoul": "day_180",
    "Wonju": "day_180"
  },
  "peak_value_by_region": {
    "Seoul": {
      "active_infected": 1590.8730415080954,
      "active_infected_per_100k": 17.098570339126805
    },
    "Wonju": {
      "active_infected": 64.0702691996523,
      "active_infected_per_100k": 17.61774283748472
    }
  },
  "overall_peak_day": "day_180",
  "overall_peak_value": {
    "active_infected": 1654.9433107077477,
    "active_infected_per_100k": 17.118099806261444
  },
  "cumulative_ever_infected_rate_by_region_age": {
    "Seoul_0_18": 0.007534641708331782,
    "Seoul_19_49": 0.0036881048444342424,
    "Seoul_50_64": 0.003538239260849715,
    "Seoul_65_plus": 0.004042784890664666,
    "Wonju_0_18": 0.0075346417083317985,
    "Wonju_19_49": 0.0036881048444342202,
    "Wonju_50_64": 0.0035382392608497215,
    "Wonju_65_plus": 0.004042784890664675
  },
  "cumulative_episode_rate_by_region_age": {
    "Seoul_0_18": 0.007534641708331782,
    "Seoul_19_49": 0.0036881048444342424,
    "Seoul_50_64": 0.003538239260849715,
    "Seoul_65_plus": 0.004042784890664666,
    "Wonju_0_18": 0.0075346417083317985,
    "Wonju_19_49": 0.0036881048444342202,
    "Wonju_50_64": 0.0035382392608497215,
    "Wonju_65_plus": 0.004042784890664675
  },
  "reinfection_share": 0.0,
  "cross_region_flow_share_total": 0.0032945281865857387,
  "elderly_burden_summary": {
    "elderly_population": 1993322.0,
    "elderly_peak_day": "day_180",
    "elderly_peak_active_infected": 324.6756415225121,
    "elderly_peak_active_infected_per_100k": 16.288168269979064,
    "elderly_ever_infected_rate": 0.004042784890664666,
    "elderly_episode_rate": 0.004042784890664666,
    "elderly_reinfection_share": 0.0,
    "elderly_episode_share_of_total": 0.20401420314757374
  }
}