{
  "peak_day_by_region": {
    "Seoul": "initial_state",
    "Wonju": "initial_state"
  },
  "peak_value_by_region": {
    "Seoul": {
      "active_infected": 930.4129000000001,
      "active_infected_per_100k": 10.000000000000002
    },
    "Wonju": {
      "active_infected": 36.3669,
      "active_infected_per_100k": 10.0
    }
  },
  "overall_peak_day": "initial_state",
  "overall_peak_value": {
    "active_infected": 966.7798000000001,
    "active_infected_per_100k": 10.000000000000002
  },
  "cumulative_ever_infected_rate_by_region_age": {
    "Seoul_0_18": 0.002305115828744955,
    "Seoul_19_49": 0.0012105544428707702,
    "Seoul_50_64": 0.0011687416305580626,
    "Seoul_65_plus": 0.0013173183691027944,
    "Wonju_0_18": 0.0023051158287453488,
    "Wonju_19_49": 0.0012105544428706516,
    "Wonju_50_64": 0.0011687416305580468,
    "Wonju_65_plus": 0.0013173183691026177
  },
  "cumulative_episode_rate_by_region_age": {
    "Seoul_0_18": 0.0023053047969551757,
    "Seoul_19_49": 0.001210609985700211,
    "Seoul_50_64": 0.0011687942681763543,
    "Seoul_65_plus": 0.0013173855740560923,
    "Wonju_0_18": 0.00230530479695557,
    "Wonju_19_49": 0.0012106099857000924,
    "Wonju_50_64": 0.0011687942681763383,
    "Wonju_65_plus": 0.0013173855740559156
  },
  "reinfection_share": 5.839081898086905e-05,
  "cross_region_flow_share_total": 0.004054877185430151,
  "elderly_burden_summary": {
    "elderly_population": 1993322.0,
    "elderly_peak_day": "initial_state",
    "elderly_peak_active_infected": 199.33220000000003,
    "elderly_peak_active_infected_per_100k": 10.000000000000002,
    "elderly_ever_infected_rate": 0.0013173183691027879,
    "elderly_episode_rate": 0.0013173855740560858,
    "elderly_reinfection_share": 5.101388281567553e-05,
    "elderly_episode_share_of_total": 0.21666781170639499
  }
}