{
  "peak_day_by_region": {
    "Region_A": "initial_state",
    "Region_B": "initial_state"
  },
  "peak_value_by_region": {
    "Region_A": {
      "active_infected": 2791.2387,
      "active_infected_per_100k": 29.999999999999996
    },
    "Region_B": {
      "active_infected": 109.10069999999999,
      "active_infected_per_100k": 29.999999999999996
    }
  },
  "overall_peak_day": "initial_state",
  "overall_peak_value": {
    "active_infected": 2900.3394,
    "active_infected_per_100k": 29.999999999999996
  },
  "cumulative_ever_infected_rate_by_region_age": {
    "Region_A_0_18": 0.004366618875940321,
    "Region_A_19_49": 0.0023625740799876837,
    "Region_A_50_64": 0.002298023152813388,
    "Region_A_65_plus": 0.00258701947856469,
    "Region_B_0_18": 0.004366618875940095,
    "Region_B_19_49": 0.002362574079987373,
    "Region_B_50_64": 0.002298023152813474,
    "Region_B_65_plus": 0.0025870194785645915
  },
  "cumulative_episode_rate_by_region_age": {
    "Region_A_0_18": 0.004367389586460065,
    "Region_A_19_49": 0.0023628124115793432,
    "Region_A_50_64": 0.0022982509987914687,
    "Region_A_65_plus": 0.002587307869925069,
    "Region_B_0_18": 0.004367389586459838,
    "Region_B_19_49": 0.0023628124115790323,
    "Region_B_50_64": 0.002298250998791555,
    "Region_B_65_plus": 0.002587307869924971
  },
  "reinfection_share": 0.00013275178755162528,
  "cross_region_flow_share_total": 0.0041372173526399054,
  "elderly_burden_summary": {
    "elderly_population": 1993322.0,
    "elderly_peak_day": "initial_state",
    "elderly_peak_active_infected": 597.9966,
    "elderly_peak_active_infected_per_100k": 29.999999999999996,
    "elderly_ever_infected_rate": 0.002587019478564686,
    "elderly_episode_rate": 0.0025873078699250656,
    "elderly_reinfection_share": 0.00011146387476024883,
    "elderly_episode_share_of_total": 0.2286130633988436
  }
}