{
  "peak_day_by_region": {
    "Seoul": "day_169",
    "Wonju": "day_168"
  },
  "peak_value_by_region": {
    "Seoul": {
      "active_infected": 112925.23531987626,
      "active_infected_per_100k": 1213.7109805751431
    },
    "Wonju": {
      "active_infected": 4574.131635222625,
      "active_infected_per_100k": 1257.7733145312427
    }
  },
  "overall_peak_day": "day_169",
  "overall_peak_value": {
    "active_infected": 117498.29055342564,
    "active_infected_per_100k": 1215.3573187340658
  },
  "cumulative_ever_infected_rate_by_region_age": {
    "Seoul_0_18": 0.39808470000442997,
    "Seoul_19_49": 0.14779296143779108,
    "Seoul_50_64": 0.11827758406877147,
    "Seoul_65_plus": 0.10221197344601644,
    "Wonju_0_18": 0.3980847000044303,
    "Wonju_19_49": 0.14779296143779116,
    "Wonju_50_64": 0.11827758406877134,
    "Wonju_65_plus": 0.10221197344601668
  },
  "cumulative_episode_rate_by_region_age": {
    "Seoul_0_18": 0.39808470000442997,
    "Seoul_19_49": 0.14779296143779108,
    "Seoul_50_64": 0.11827758406877147,
    "Seoul_65_plus": 0.10221197344601644,
    "Wonju_0_18": 0.3980847000044303,
    "Wonju_19_49": 0.14779296143779116,
    "Wonju_50_64": 0.11827758406877134,
    "Wonju_65_plus": 0.10221197344601668
  },
  "reinfection_share": 0.0,
  "cross_region_flow_share_total": 0.00210303749913421,
  "elderly_burden_summary": {
    "elderly_population": 1993322.0,
    "elderly_peak_day": "day_180",
    "elderly_peak_active_infected": 17883.577158790144,
    "elderly_peak_active_infected_per_100k": 897.1745236740549,
    "elderly_ever_infected_rate": 0.10221197344601644,
    "elderly_episode_rate": 0.10221197344601644,
    "elderly_reinfection_share": 0.0,
    "elderly_episode_share_of_total": 0.1306002503148776
  }
}